security,date,open,high,low,close,volume
AAA,2024-01-02,101.72,102.01,101.44,101.47,1568677
BBB,2024-01-02,49.71,49.75,49.50,49.60,2313522
ZZZ,2024-01-02,12.04,12.14,11.87,11.99,570375
AAA,2024-01-03,100.22,101.04,100.13,100.66,473703
BBB,2024-01-03,49.71,49.82,49.55,49.72,1977685
ZZZ,2024-01-03,12.34,12.53,12.28,12.29,1009260
AAA,2024-01-04,101.47,101.66,101.32,101.32,2276004
BBB,2024-01-04,49.38,49.46,49.18,49.39,2986531
ZZZ,2024-01-04,12.64,12.67,12.59,12.66,791603
AAA,2024-01-05,101.32,101.42,100.41,101.30,479534
BBB,2024-01-05,49.78,49.98,49.62,49.71,1097426
ZZZ,2024-01-05,12.24,12.40,12.06,12.24,2327255
AAA,2024-01-08,102.47,102.80,102.38,102.72,1497503
BBB,2024-01-08,49.77,49.90,49.69,49.89,2718653
ZZZ,2024-01-08,12.13,12.17,12.12,12.13,480631
AAA,2024-01-09,102.45,102.62,102.31,102.36,1689112
BBB,2024-01-09,50.08,50.35,50.00,50.05,462031
ZZZ,2024-01-09,11.63,11.68,11.50,11.59,2684913
AAA,2024-01-10,102.52,102.77,102.42,102.50,455873
BBB,2024-01-10,49.70,50.01,49.06,49.90,872793
ZZZ,2024-01-10,11.39,11.62,11.21,11.37,2832525
AAA,2024-01-11,103.79,104.03,103.36,103.78,883356
BBB,2024-01-11,49.93,50.09,49.51,49.76,2757143
ZZZ,2024-01-11,11.68,11.74,11.67,11.70,964166
AAA,2024-01-12,106.05,106.13,105.84,106.09,2249099
BBB,2024-01-12,50.27,50.30,49.49,49.89,819080
ZZZ,2024-01-12,12.00,12.05,11.95,12.02,1403252
AAA,2024-01-15,107.15,107.24,106.71,106.87,2142794
BBB,2024-01-15,51.28,51.49,51.10,51.48,1778925
ZZZ,2024-01-15,11.76,11.85,11.63,11.76,2750925
AAA,2024-01-16,106.38,106.89,105.85,106.40,1931406
BBB,2024-01-16,49.59,49.90,49.43,49.87,2695412
ZZZ,2024-01-16,11.46,11.61,11.16,11.37,824059
AAA,2024-01-17,105.14,105.21,104.87,104.93,1477216
BBB,2024-01-17,49.94,50.09,49.73,49.88,2792859
ZZZ,2024-01-17,10.64,10.68,10.30,10.51,1879680
AAA,2024-01-18,105.72,106.10,105.49,105.66,1541300
BBB,2024-01-18,49.95,50.04,49.74,49.78,831781
ZZZ,2024-01-18,10.39,10.49,10.35,10.42,564998
AAA,2024-01-19,104.38,104.71,104.01,104.05,1422463
BBB,2024-01-19,50.54,50.56,50.31,50.41,1204864
ZZZ,2024-01-19,9.82,10.20,9.78,10.02,2481548
AAA,2024-01-22,103.82,103.83,103.25,103.82,1942278
BBB,2024-01-22,51.46,51.60,51.21,51.50,1928656
ZZZ,2024-01-22,9.85,9.86,9.79,9.83,514894
AAA,2024-01-23,104.37,104.54,104.21,104.35,2953399
BBB,2024-01-23,51.46,51.56,51.35,51.50,2828801
ZZZ,2024-01-23,10.29,10.30,10.26,10.28,1260481
AAA,2024-01-24,104.75,105.06,104.41,104.59,2876415
BBB,2024-01-24,51.37,51.39,51.16,51.32,897647
ZZZ,2024-01-24,10.67,11.08,10.48,10.87,600124
AAA,2024-01-25,103.95,104.37,103.80,104.00,1824790
BBB,2024-01-25,50.28,50.31,50.22,50.30,1110059
ZZZ,2024-01-25,10.78,10.81,10.77,10.79,1460634
AAA,2024-01-26,104.16,104.18,104.02,104.17,2325309
BBB,2024-01-26,50.91,51.02,50.31,50.54,1036563
ZZZ,2024-01-26,10.47,10.64,10.40,10.60,2892515
AAA,2024-01-29,102.05,102.31,101.72,102.14,1507836
BBB,2024-01-29,50.87,51.22,50.62,51.10,2264099
ZZZ,2024-01-29,10.73,10.81,10.66,10.73,1752190
AAA,2024-01-30,104.35,104.59,104.09,104.33,1660805
BBB,2024-01-30,51.64,51.83,51.62,51.79,2881862
ZZZ,2024-01-30,10.51,10.53,10.28,10.42,1718270
AAA,2024-01-31,104.04,104.27,103.78,104.05,2021073
BBB,2024-01-31,52.72,53.16,52.71,52.77,1064794
ZZZ,2024-01-31,10.20,10.37,10.15,10.22,1182826
AAA,2024-02-01,102.97,103.41,102.87,103.14,1919598
BBB,2024-02-01,52.92,53.10,52.81,52.96,512219
ZZZ,2024-02-01,10.54,10.56,10.53,10.54,1907910
AAA,2024-02-02,103.58,103.77,102.81,103.33,2522737
BBB,2024-02-02,54.03,54.17,54.02,54.03,1294923
ZZZ,2024-02-02,10.57,10.63,10.47,10.49,556209
AAA,2024-02-05,103.25,104.04,103.24,103.31,437856
BBB,2024-02-05,52.97,53.39,52.95,53.12,1566498
ZZZ,2024-02-05,10.25,10.28,10.16,10.20,2318889
AAA,2024-02-06,102.69,102.96,102.66,102.95,2024485
BBB,2024-02-06,53.59,53.63,53.18,53.59,2364722
ZZZ,2024-02-06,9.92,9.94,9.90,9.90,2904595
AAA,2024-02-07,102.57,102.88,102.51,102.76,1109578
BBB,2024-02-07,54.52,54.68,54.20,54.38,1222395
ZZZ,2024-02-07,9.85,9.97,9.79,9.86,1212944
AAA,2024-02-08,103.73,104.08,103.57,103.98,1631805
BBB,2024-02-08,54.67,54.72,54.33,54.50,731595
ZZZ,2024-02-08,9.64,9.77,9.58,9.68,1380617
AAA,2024-02-09,104.96,105.20,104.93,105.15,2739528
BBB,2024-02-09,53.99,54.00,53.73,53.87,1073651
ZZZ,2024-02-09,9.56,9.67,9.51,9.65,978598
AAA,2024-02-12,105.71,105.82,105.54,105.55,2524303
BBB,2024-02-12,53.70,54.06,53.70,53.86,1850670
ZZZ,2024-02-12,9.36,9.43,9.35,9.41,1531609
AAA,2024-02-13,105.51,105.83,105.45,105.83,2231975
BBB,2024-02-13,53.92,54.11,53.90,54.05,2051197
ZZZ,2024-02-13,9.36,9.37,9.29,9.33,1539920
AAA,2024-02-14,107.05,107.57,106.91,107.35,2936546
BBB,2024-02-14,54.84,54.89,54.13,54.17,2985766
ZZZ,2024-02-14,9.50,9.56,9.48,9.52,2090604
AAA,2024-02-15,107.95,108.28,107.73,107.83,1897200
BBB,2024-02-15,54.46,54.56,54.28,54.29,2480539
ZZZ,2024-02-15,9.75,9.79,9.71,9.72,896090
AAA,2024-02-16,109.11,109.82,109.06,109.57,1176375
BBB,2024-02-16,55.24,55.38,55.14,55.33,1768094
AAA,2024-02-19,111.90,112.21,111.76,112.04,2842150
BBB,2024-02-19,55.54,55.57,55.46,55.57,1026250
AAA,2024-02-20,114.06,114.40,113.95,114.38,422049
BBB,2024-02-20,55.76,55.93,55.70,55.80,965119
AAA,2024-02-21,114.54,114.77,114.24,114.69,845944
BBB,2024-02-21,54.86,55.00,54.83,54.96,2757063
AAA,2024-02-22,112.11,112.57,111.00,111.82,1723072
BBB,2024-02-22,56.14,56.43,55.92,56.01,1729903
AAA,2024-02-23,111.08,111.32,110.89,111.06,904708
BBB,2024-02-23,55.60,55.86,55.54,55.82,643846
AAA,2024-02-26,112.76,113.36,112.50,112.87,1699480
BBB,2024-02-26,56.25,56.40,56.08,56.32,2795771
AAA,2024-02-27,111.88,112.52,111.72,111.78,1252126
BBB,2024-02-27,55.60,55.98,55.59,55.84,2181808
AAA,2024-02-28,111.90,112.41,111.64,111.70,953877
BBB,2024-02-28,55.92,55.97,55.66,55.79,2148687
AAA,2024-02-29,111.25,111.37,110.35,110.69,2186486
BBB,2024-02-29,56.48,56.70,56.42,56.67,1930737
